10523083,ANDO MALADORI,A
10523441,M.SYUKRON SYAH,A
10523269,OKTA PRATAMA PUTRA,A
10523382,HAFIDZ YUSRIL,A
11523164,CHAN RIZKY TANDRIAN,A
12523308,DENI AGUNG PRABOWO,A
12523293,MOCHAMMAD JABALUDDYN NUR RIZA,A
12523211,RIZKA FITRAHARI,A
13523007,MEDIO ALVINE BUDIANTO P.,A
13523028,MUHAMAD FADLI FAJRIN,A
12523251,BUDI SANTOSO,A
12523172,RINDU ICHSAN,A
13523194,AHMAD IBNUSSINA,A
13523106,BAMBANG HERMANTO,A
13523218,I PUTU ARYA SABHA PRAMANA,A
12523007,WILDAN TAUFIK,A
13523097,WAHID HANIV ARYANDA,A
14523211,Adysta Galang Imam A,A
14523005,NOOR SAKTY WIBOWO APRI,A
14523026,ALFRINALDI TAUFIK,A
14523027,MUHAMMAD ISNAENI,A
14523029,RIZAL FIRMANDA,A
14523030,DEWI TUSIMA,A
14523052,MUHAMMAD FAUZAN ISWARA,A
14523169,ARIESKA NUR WICAKSONO,A
14523267,NADINE DESKANANDA SAJIATMOKO,A
14523268,MATHORI HASAN MARAGHI,A
14523311,LAODE MUHAMMAD FARHAN FAUZAN,A
14523320,FHADEL AL QOULUL NUHUDL,A
14523211,ADYSTA GALANG IMAN ANUGRAH SAPUTRA,A
14523230,KURNIAWAN AKBAR MYOMA PUTRA,A
14523254,MUHAMMAD RYAN FAHREZA,A
14523213,PERDANA PUTRA WIJAYA,A
14523219,ACHMAD NATSIR ALGHIFARI,A
14523072,ZAIN AZIZ PRASTAMA,A
14523074,ORIZA RATNA LARAS ATI,A
14523080,DIAN NURLAILASARI,A
14523095,DAMMAEKA DHANAR ILYAZA,A
14523100,MUHAMMAD SOFI,A
14523107,MUSTABIQUL KHOIR LINGGAR PRATAMA,A
14523278,FANDI ACHMAD MUBAROK,A
14523279,RICKY FERDIAN NUGROHO,A
14523281,RIAN OKTO MERSA PUTRA,A
14523295,AJI RAHADIAN AGUNG HARYO WICAKSONO,A
14523297,ZA IDATIN NIKMAH,A
14523300,WILDAN MAULANA,A
14523136,JANU DWI ANGGORO,A
14523145,M ADHYTIA DWISAPUTRA,A
14523147,MUHAMAD FARRAS AFIF,A
14523267,Nadine Deskananda Sajiatmoko,A
14523297,Za Idatin Nikmah,A
9523165,YUDHA PERWIRA,B
10523160,FAUZAN FAHMI,B
12523264,SONY IBRAHIM,B
13523187,LALU MAUGIRZANI F,B
14523166,RISKA ANISAH,B
14523262,AHMAD HARIS FAHMI,B
14523227,MUHAMMAD IQBAL ARFANDI,B
14523073,LUTHFIL KHAKIMU SALIM,B
14523299,NOBELSIDIQ,B
14523006,IQBAL PANDU PRAKOSO,B
14523013,ANANDA DWI SATRIO,B
14523033,MUHAMMAD LUTHFI FADHOLI,B
14523041,OLFA DIAN PRATAMA,B
14523044,IMANDA YANUAR WICAKSONO,B
14523047,GALIH NALENDRO,B
14523063,DICKY PUJA PRATAMA,B
14523164,ELSA MONIKA PERMATASARI,B
14523165,BAGUS AFAN HERLAMBANG,B
14523167,SYAHDA BAGASWARA,B
14523171,RENI OKTA NIA,B
14523175,RADHIAN FARIZ MUHAMMAD,B
14523271,IRNA RAFIDAH,B
14523272,DESTY METIK MENTARIE,B
14523188,WINDA SAWITRI,B
14523191,NUR ARGA DAHANA,B
14523192,RACHMAN WINOTO NUGROHO,B
14523231,HILDA INDRIANI GEA,B
14523244,DELPIANA,B
14523112,M. ABDI KURNIA,B
14523114,GALIH KARISMATIKA HUSEIN,B
14523120,YOGA AGUNG KURNIA,B
14523125,M. NOOR ICHSAN,B
14523128,REILD MEIDEANT PRATAMA,B
14523223,RISSA RAENIDA,B
14523089,EKO PURNOMO P.,B
14523105,ACHMAD GALIH UCHINIA `AZIZ,B
14523277,MUHAMMAD AKBAR,B
14523284,ROMI CHANDRA,B
14523294,MUHAMMAD SURYATAMA,B
14523133,IVAN DWIPA WICAKSANA,B
14523137,ADZAN KUSUMO ASTOMO,B
14523138,DESY ANGGRAENI,B
14523140,FAHMI HABIBIE SALAM,B
14523148,RANI PUSPITA DEWI,B
14523151,ROCHMAD HERLANGGA,B
14523153,MOHAMAD IFTAH,B
14523162,NELLY NUR HAMIDAH,B
14523277,Muhammad Akbar,B
14523088,FITRA ARIE BUDIAWAN,B
12523080,WISNU FEBRI RAMADHAN,B
14523033,Muhammad Lutfi Fadholi,B
12523167,DZULFIQAR A A ASSAGAF,C
12523215,BOBBY FAISAL G,C
13523208,REFI AHMAD FARIZA,C
13523117,IBNU ANANDA,C
14523066,MALIH MURTADHO,C
14523055,MUHAMMAD RIDHO ALFIKRI L PUTRA,C
14523318,ADE RIDWAN PAHLEVI,C
14523263,AGRIAN PERSADA GAMA,C
14523314,M. FATHIR FIKRI,C
14523312,JECKY FERNANDO,C
14523249,MUHAMMAD NURSALLI,C
14523123,SUMARJIANTO,C
14523084,MUHAMMAD YUSUF MUKTITAMA,C
14523235,GITA AGISTIRA ROMANTA,C
14523081,TUNGKY ADI PRADANA,C
14523301,DIMAS PRASETYA CAISAR,C
14523288,FADHILLAH ABRIYANI,C
14523021,DEBY PUSPITA DAMAYANTI,C
14523064,RIZKY KARUNIA PUTRA,C
14523060,PRASETYO ANZERY,C
14523132,KURNIAWAN EKO RAKHMADI,C
14523020,WINTANG KOESPRADIPTA,C
14523032,SEPTIAN RICO,C
14523034,ANGGITA WISNU PRADANA PUTRA,C
14523038,MOHAMMAD FAJAR DIANQORI,C
14523039,MUHAMMAD FACHRIZAL LISNAWAN,C
14523048,AHMAD DEDI SUTRISNO,C
14523068,ELZA FITRIANA SARASWITA,C
14523168,RUDI ARTA RAHARDIAN,C
14523266,NASRUL HAQQI,C
14523183,HARIADI KARISMAN BUSRA,C
14523189,WRAT SASONGKO,C
14523201,NENDRI RAMADHANI,C
14523116,CINTIA ARISKI,C
14523214,DIDIK FIRMANSYAH,C
14523085,MUHAMMAD WILI AZZAM,C
14523103,IKHWAN ALFATH NURUL FATHONY,C
14523276,INDRA DICKY SUPRIYANTO SOLEMAN,C
14523283,MUHAMMAD RAJAB LINTA,C
14523135,SYAH MUHAMMAD BARIN AL-RASYID,C
14523143,MUHAMMAD LUKMAN HAKIM,C
14523144,LALU KISMARA,C
14523150,SHOFWAN HANIF,C
14523154,AKMAL MAULANA,C
14523155,ALPIN APRIANTO SAPUTRA,C
14523158,DWI CAHYA MURTI,C
14523160,WINDA KURNIA,C
14523161,KUKUH PRIHANDOKO PRATAMA,C
14523318,Ade Ridwan Pahlevi,C
14523150,Shofwan Hanif,C
10523313,SANDI SAPUTRA,D
10523170,YUSTIONO SAGITA,D
10523171,AUDRIAN DWI SYAFRIYENDRA,D
12523312,SURYADI,D
12523180,ANGGIAT MANGAPUL S.,D
12523175,FADREZA,D
12523094,RYAN GUSTI MULYA,D
14523170,YUDHISTIRA ARSYA YUDHA,D
14523173,T.EMYR RIZQY,D
14523319,SILFA KURNIA ADITYA,D
14523220,FIRAS SENA HAITSAM,D
14523215,OKTAVIANI ENDAH SAPUTRI,D
14523225,ANDIKA FENDI,D
14523222,ADI YUSTIAN RIFAI,D
14523226,RAIHAN FAJAR,D
14523258,RIDHO AFWAN,D
14523232,SYIFA TRI GARDINI,D
14523077,IRGI ACHMAD FAHREZI,D
14523282,NAHRI PUTRA PEDDYTAMA,D
13523250,MUHAMMAD AMRULLAH SIDIQ,D
14523001,RITA NUR`AENI,D
14523028,EVODIE LEANISHAR HARAFI,D
14523031,SRI RAHMADANI,D
14523172,NORIKO ZAVAGUS ANATOMO,D
14523176,KARIMAH,D
14523274,MUHAMMAD BAISTSYIFA HUDA,D
14523306,MARIA ULFA,D
14523317,HARI KURNIA,D
14523186,AHMAD SIDQI,D
14523193,ADITYA FAUZAN PRATAMA PUTRA,D
14523197,RISANG KATULISTIWA VIDIATMAJA,D
14523200,ARIS FATHUR RAHMAN,D
14523205,MUHAMAD FAHRIZAL,D
14523209,MUHAMMAD IDRIS MUSA,D
14523255,WAHYU WIDIYANTO,D
14523124,RIDWAN PRANATA,D
14523217,AHMAD FAUZAN,D
14523224,HELDA,D
14523229,DIMAS FAESAL AMALDIE,D
14523091,GILANG AKBAR,D
14523101,AGUSTA MUHAMMAD FARIDZ,D
14523102,ANDI PRATAMA PUTRA,D
14523287,BIMO PRATAMA,D
14523293,NURUL FATIKAH MUCHLIS,D
14523296,KAHFI YORDAN,D
14523304,HAFIZ FAREZI,D
14523322,IKHWAN NURHASIM,D
14523139,YUSUF LUTHFI FATHULLAH,D
14523296,Kahfi Yordan,D
14523170,Yudhistira Arsya Y,D
14523264,WISNU KURNIAWAN,E
14523247,GALUH NOOR AKBAR PAMUNGKAS,E
14523239,ALI IMRON,E
14523036,UMAM MAULANA JATI,E
14523045,HANIF NAUFAL ARIF SUNARKO,E
14523054,MIKE RUSTIA PUTRI,E
14523062,ILMA FADHLIA FURQAANA,E
14523269,MUHAMMAD NUR SYAUQI,E
14523273,HERNAWAN SYAFEI,E
14523184,RIVALDA ENDARSA,E
14523194,LIYANDI CAESAR NOVALDY,E
14523199,DEBBY YOLHANDA,E
14523204,L. M. REZA SUGANDA,E
14523233,WAHYU FAHROZI RIZKI RAMADHAN,E
14523236,PUJIARTO TRI ATMAJA,E
14523241,DAMEI DWI LISTANTA,E
14523250,AHMAD FAUZAN. S,E
14523253,FAKHRUL HASBI,E
14523131,YAYA RIZQI ISNANDA,E
14523216,IRVAN NUARY A.,E
14523075,ACHMAD FARIID AMALI,E
14523076,M TSANA`UDDIN FARID,E
14523106,WAHYUNI PUJI LESTARI,E
14523163,HARIADI ADHITAMA,E
14523243,NOVREZA RIDWANSYAH,E
14523253,Fakhrul Hasbi,E
14523062,Ilma Fadhila Furqaana,E
14523106,Wahyuni Puji Lestari,E
14523131,Yaya Rizqi Isnanda,E
9523131,ARYO YUDHA PRATAMA,F
10523487,HIDAYAT ADMA JAYA,F
13523188,NUR ARIYANI,F
14523050,DESSY PURNAMASARI,F
14523177,DIMAS ARI PRATAMA,F
14523245,LUKMAN AHMAD RIADI,F
14523256,MUHAMMAD ALI ANSHARI,F
14523126,MUHAMMAD FAIQ FARIDANI,F
14523234,AGUNG IRAWAN MARTA LINGGA,F
14523302,MUHAMMAD ALFIENDA R,F
14523242,HANDI ANGGA WIDJADJA,F
14523290,Elang Cergas pembrani,F
14523004,NAUFAL FARIZ RAHARDIAN,F
14523049,SYILFIA FELISIA,F
14523185,MUHAMMAD MIKAIL FARAHAN,F
14523182,DENNY ARDIANSYAH,F
14523011,HANIK ATULROFIDA,F
14523018,RIZQA AZ ZAHRA,F
14523022,BINTANG KURNIA PUTRA,F
14523043,TEGUH PUJI LAKSONO,F
14523174,YULIANA DEVITA PUTRI,F
14523261,ANDRE MUSTIKANOUR,F
14523270,MUHAMMAD FADHILAH MULYANA,F
14523310,PHILO MUSHOFI EL HARIES,F
14523179,DEWI KHANSA SALSABILA,F
14523187,DESPI RAHMAT,F
14523195,SETYO LEGIANTO,F
14523196,MUHAMMAD REVALDY PUTRAYANA,F
14523202,LOGISTYO YULISTIANTO,F
14523208,YUNIAR TRIAS FATIMAH,F
14523212,DANA APRILLIA,F
14523238,HENDRY ARYADI,F
14523248,FARDAN HAFIDY,F
14523251,FAKHRIZAN NAZHIF,F
14523252,ASEP SAEFUR ROKHMAN,F
14523259,ANGGA BACHTIAR,F
14523117,MUHAMMAD SEFTRIYAN REZEKI,F
14523122,AGUS DARMAWAN,F
14523070,BAYU AJI PRAMUDYATAMA,F
14523090,SUFIANDI SETIAWAN TRI YULIANTO,F
14523097,RIZKY AGUNG WICHAKSONO,F
14523098,AKMAL KURNIADI DENNA,F
14523109,MUHAMMAD KHOIRUDDIN,F
14523286,ODDY SEPTIAN EKA PUTRA,F
14523289,NADYA KHAIRUNNISA R,F
14523290,ELANG CERGAS PEMBRANI,F
14523141,MAHMUDAH TUS SA`DIYAH,F
14523149,FAHRUL ARIFIN,F
14523152,NADYA SEKAR AYU EP,F
14523286,Oddy Septian Eka Putra,F
14523289,Nadya Khairunnisa,F
14523302,M. Alfienda Rachman,F
14523234,Agung Irawan Martalingga,F
10523292,YUDHA ARDHI PERWIRA,G
14523280,FIKRI FATHAN,G
10523124,NAWANG ARDIANTO,G
10523492,TATANG MUBARAK,G
10523493,CHOYYRUL ANWAR,G
10523322,MOHAMMAD ALFAN PRATAMA,G
11523284,AMRULLAH PASADI,G
11523282,RIO NUGRAHA,G
11523072,DIMAS PRAYOGO UTOMO,G
12523303,SAID HIRZI HADI,G
12523298,ALDIAN PURNA PUTRA,G
12523143,WILDAN F AVESINA,G
13523098,KHAFID SUGIANTO,G
12523178,RAFSANJANI,G
12523255,FAZA ROFIQI,G
12523282,HASHFI ADIB GHAZIAN,G
13523073,Irvan Christiawan,G
14523130,NEIN RAKA ABIYOGA,G
14523113,RONALDO DAVINCI,G
14523307,SABRI KURNIADI,G
14523260,MUHAMMAD RYAN APRIYUDAN,G
14523003,GOUDY SULAIMAN,G
14523206,MUHAMMAD.AYATULLAH,G
10523206,RAGUSMAN PRAKARSA,G
